{"accuracy": [0.8460506200790405, 0.925230085849762, 0.9311733245849609, 0.9390337467193604, 0.9403757452964783, 0.9415260553359985, 0.94804447889328, 0.9461272954940796, 0.9390337467193604], "loss": [0.3322868347167969, 0.1873801350593567, 0.1675623208284378, 0.15736894309520721, 0.1504584103822708, 0.1453484445810318, 0.13575245440006256, 0.14059396088123322, 0.1461351364850998], "val_accuracy": [0.8125, 0.6875, 0.875, 0.9375, 0.8125, 0.9375, 0.8125, 0.8125, 0.8125], "val_loss": [0.3745582699775696, 0.4373921751976013, 0.35056936740875244, 0.3282689154148102, 0.40305832028388977, 0.2859087586402893, 0.35452818870544434, 0.3264140486717224, 0.3468725383281708]}