{"accuracy": [0.8113496899604797, 0.0, 0.8911042809486389, 0.0, 0.9024156332015991, 0.0, 0.9146856069564819, 0.0, 0.9154524803161621, 0.0], "loss": [0.4216584861278534, 0.0, 0.25529447197914124, 0.0, 0.23581969738006592, 0.0, 0.22556288540363312, 0.0, 0.21180088818073273, 0.0], "val_accuracy": [0.6875, 0.6875, 0.625, 0.625, 0.625, 0.625, 0.8125, 0.8125, 0.625, 0.625], "val_loss": [1.1076141595840454, 1.1076141595840454, 0.8308466076850891, 0.8308466076850891, 0.7990435361862183, 0.7990435361862183, 0.4828948974609375, 0.4828948974609375, 0.8923791646957397, 0.8923791646957397]}